datetime_utc,epa_aqi
2026-09-22 16:18:24,158.0
2026-09-22 17:19:01,159.0
2026-09-22 18:18:31,160.0
2026-09-22 18:57:53,160.0
2026-09-22 19:18:23,160.0
2026-09-22 20:18:20,160.0
2026-09-22 21:18:26,160.0
2026-09-22 22:13:48,159.0
2026-09-22 22:18:27,159.0
2026-09-22 23:18:28,159.0
2026-09-23 00:18:31,159.0
2026-09-23 00:39:12,159.0
2026-09-23 01:18:25,159.0
2026-09-23 02:18:20,159.0
2026-09-23 03:18:22,160.0
2026-09-23 04:18:25,160.0
2026-09-23 05:18:50,162.0
2026-09-23 06:02:12,165.0
2026-09-23 06:18:35,165.0
2026-09-23 07:18:44,157.0
2026-09-23 08:18:24,152.0
2026-09-23 09:18:27,148.0
2026-09-23 10:18:21,147.0
2026-09-23 11:18:23,150.0
2026-09-23 11:43:16,151.0
2026-09-23 12:18:31,151.0
2026-09-23 13:18:24,153.0
2026-09-23 14:18:28,155.0
2026-09-23 16:18:31,158.0
2026-09-23 17:06:47,159.0
2026-09-23 17:18:28,159.0
2026-09-23 18:18:33,160.0
2026-09-23 19:18:23,160.0
2026-09-23 20:18:20,160.0
2026-09-23 20:27:00,160.0
2026-09-23 21:18:23,160.0
2026-09-23 22:18:34,160.0
2026-09-23 23:18:39,160.0
2026-09-23 23:45:14,161.0
2026-09-24 00:18:21,161.0
2026-09-24 01:18:21,161.0
2026-09-24 02:18:25,161.0
2026-09-24 03:18:21,162.0
2026-09-24 04:18:21,162.0
2026-09-24 04:57:30,164.0
2026-09-24 05:18:16,164.0
2026-09-24 06:18:21,168.0
2026-09-24 07:18:55,156.0
2026-09-24 08:18:27,151.0
2026-09-24 09:18:22,148.0
2026-09-24 10:05:58,149.0
2026-09-24 10:18:31,149.0
2026-09-24 11:18:20,152.0
2026-09-24 12:18:25,153.0
2026-09-24 13:18:32,153.0
2026-09-24 14:18:29,156.0
2026-09-24 15:10:54,159.0
2026-09-24 15:18:27,159.0
2026-09-24 16:18:32,162.0
2026-09-24 17:18:29,164.0
2026-09-24 18:18:42,166.0
2026-09-24 19:14:27,167.0
2026-09-24 19:18:20,167.0
2026-09-24 20:18:24,168.0
2026-09-24 21:18:20,169.0
2026-09-24 22:18:36,171.0
2026-09-24 22:28:59,171.0
2026-09-24 23:18:18,172.0
2026-09-25 00:18:19,173.0
2026-09-25 01:18:19,173.0
2026-09-25 01:34:21,174.0
2026-09-25 02:18:36,174.0
2026-09-25 03:18:25,175.0
2026-09-25 04:18:19,175.0
2026-09-25 05:18:20,178.0
2026-09-25 06:18:22,182.0
2026-09-25 07:18:40,174.0
2026-09-25 07:54:23,169.0
2026-09-25 08:18:26,169.0
2026-09-25 09:18:19,167.0
2026-09-25 10:18:18,168.0
2026-09-25 11:18:24,169.0
2026-09-25 12:18:46,170.0
2026-09-25 13:18:31,167.0
2026-09-25 13:52:27,172.0
2026-09-25 14:18:29,172.0
2026-09-25 15:18:30,178.0
2026-09-25 16:18:25,182.0
2026-09-25 17:18:22,186.0
2026-09-25 18:18:19,188.0
2026-09-25 18:40:41,188.0
2026-09-25 19:18:24,188.0
2026-09-25 20:18:22,187.0
2026-09-25 21:18:55,187.0
2026-09-25 22:18:20,186.0
2026-09-25 22:25:07,186.0
2026-09-25 23:18:22,186.0
2026-09-26 00:18:29,185.0
2026-09-26 01:18:30,184.0
2026-09-26 01:37:38,183.0
2026-09-26 02:18:19,183.0
2026-09-26 03:18:26,182.0
2026-09-26 04:18:23,175.0
2026-09-26 05:18:22,171.0
2026-09-26 06:18:26,171.0
2026-09-26 07:18:22,159.0
2026-09-26 07:47:20,152.0
2026-09-26 08:18:29,152.0
2026-09-26 09:18:29,151.0
2026-09-26 10:18:25,152.0
2026-09-26 11:18:23,153.0
2026-09-26 12:18:17,153.0
2026-09-26 13:09:41,154.0
2026-09-26 13:18:25,154.0
2026-09-26 14:18:22,156.0
2026-09-26 15:18:29,157.0
2026-09-26 16:18:22,158.0
2026-09-26 17:14:04,159.0
2026-09-26 17:18:27,159.0
2026-09-26 18:18:22,160.0
2026-09-26 19:18:23,160.0
2026-09-26 19:55:29,161.0
2026-09-26 20:18:26,161.0
2026-09-26 21:18:23,161.0
2026-09-26 22:18:24,161.0
2026-09-26 22:55:53,161.0
2026-09-26 23:18:20,161.0
2026-09-27 00:18:21,161.0
2026-09-27 01:18:10,161.0
2026-09-27 01:31:11,161.0
2026-09-27 02:18:21,161.0
2026-09-27 03:18:22,161.0
2026-09-27 04:18:34,157.0
2026-09-27 05:18:37,157.0
2026-09-27 06:18:22,158.0
2026-09-27 07:18:16,155.0
2026-09-27 08:15:41,153.0
2026-09-27 08:18:25,153.0
2026-09-27 09:18:31,147.0
2026-09-27 10:18:30,142.0
2026-09-27 11:18:22,142.0
2026-09-27 12:18:15,142.0
2026-09-27 13:18:23,154.0
2026-09-27 14:04:30,156.0
2026-09-27 14:18:23,156.0
2026-09-27 15:18:27,158.0
2026-09-27 16:18:22,159.0
2026-09-27 17:18:26,161.0
2026-09-27 18:18:23,161.0
2026-09-27 19:18:30,161.0
2026-09-27 20:18:41,161.0
2026-09-27 21:18:22,162.0
2026-09-27 22:16:03,163.0
2026-09-27 23:18:12,164.0
2026-09-28 00:18:19,166.0
2026-09-28 00:53:22,167.0
2026-09-28 01:18:19,167.0
2026-09-28 02:18:32,168.0
2026-09-28 03:18:25,168.0
2026-09-28 04:18:20,167.0
2026-09-28 05:20:49,167.0
2026-09-28 06:18:31,170.0
2026-09-28 07:00:05,174.0
2026-09-28 07:18:31,174.0
2026-09-28 08:18:18,176.0
2026-09-28 09:18:22,178.0
2026-09-28 10:18:27,176.0
2026-09-28 12:18:26,176.0
2026-09-28 13:18:21,177.0
2026-09-28 14:18:40,168.0
2026-09-28 15:18:27,170.0
2026-09-28 15:33:16,171.0
2026-09-28 16:18:49,171.0
2026-09-28 17:18:24,174.0
2026-09-28 18:18:23,175.0
2026-09-28 19:18:27,176.0
2026-09-28 20:18:25,177.0
2026-09-28 21:18:47,179.0
2026-09-28 22:05:35,179.0
2026-09-28 22:18:29,179.0
2026-09-28 23:18:25,180.0
2026-09-29 00:18:20,181.0
2026-09-29 01:18:29,180.0
2026-09-29 02:01:26,179.0
2026-09-29 02:18:34,179.0
2026-09-29 03:18:30,180.0
2026-09-29 04:18:59,179.0
2026-09-29 05:18:18,182.0
2026-09-29 06:18:31,187.0
2026-09-29 07:18:14,171.0
2026-09-29 08:18:14,163.0
2026-09-29 08:36:10,161.0
2026-09-29 09:18:22,161.0
2026-09-29 10:18:19,160.0
2026-09-29 11:18:29,161.0
2026-09-29 12:18:36,162.0
2026-09-29 13:18:26,163.0
2026-09-29 14:18:26,165.0
2026-09-29 15:18:24,167.0
2026-09-29 15:56:30,168.0
2026-09-29 16:18:14,168.0
2026-09-29 17:18:24,170.0
2026-09-29 18:18:28,172.0
2026-09-29 19:18:25,172.0
2026-09-29 20:18:20,172.0
2026-09-29 20:51:41,172.0
2026-09-29 21:18:25,172.0
2026-09-29 22:18:25,173.0
2026-09-29 23:18:28,173.0
2026-09-30 00:18:21,173.0
2026-09-30 00:31:23,173.0
2026-09-30 01:18:26,173.0
2026-09-30 02:18:20,173.0
2026-09-30 03:18:28,173.0
2026-09-30 04:18:28,171.0
2026-09-30 05:19:04,174.0
2026-09-30 06:18:17,179.0
2026-09-30 06:47:23,155.0
2026-09-30 07:18:18,155.0
2026-09-30 08:18:32,139.0
2026-09-30 09:18:17,128.0
2026-09-30 10:18:23,126.0
2026-09-30 11:18:31,128.0
2026-09-30 12:20:14,129.0
2026-09-30 13:18:30,136.0
2026-09-30 13:48:49,142.0
2026-09-30 14:18:46,142.0
2026-09-30 15:18:41,150.0
2026-09-30 16:18:46,152.0
2026-09-30 17:18:22,153.0
2026-09-30 18:18:25,154.0
2026-09-30 19:18:20,155.0
2026-09-30 19:26:08,155.0
2026-09-30 20:18:39,155.0
2026-09-30 21:18:22,155.0
2026-09-30 22:18:33,155.0
2026-09-30 23:18:30,155.0
2026-09-30 23:54:55,155.0
2026-10-01 00:18:19,155.0
2026-10-01 01:18:25,155.0
2026-10-01 02:18:41,155.0
2026-10-01 03:18:22,155.0
2026-10-01 04:18:22,154.0
2026-10-01 05:18:19,154.0
2026-10-01 06:01:18,158.0
2026-10-01 06:18:19,158.0
2026-10-01 07:57:35,130.0
2026-10-01 08:18:22,130.0
2026-10-01 09:18:28,123.0
2026-10-01 10:18:31,124.0
2026-10-01 11:18:26,128.0
2026-10-01 12:18:06,130.0
2026-10-01 13:18:22,134.0
2026-10-01 14:18:25,139.0
2026-10-01 15:18:36,144.0
2026-10-01 16:18:33,146.0
2026-10-01 17:18:28,149.0
2026-10-01 18:18:30,150.0
2026-10-01 19:18:30,145.0
2026-10-01 19:35:47,141.0
2026-10-01 20:18:30,141.0
2026-10-01 21:18:20,137.0
2026-10-01 22:18:23,133.0
2026-10-01 23:18:23,130.0
2026-10-01 23:55:33,128.0
2026-10-02 00:18:32,128.0
2026-10-02 01:19:08,126.0
2026-10-02 02:18:24,126.0
2026-10-02 03:18:23,128.0
2026-10-02 04:18:27,128.0
2026-10-02 05:18:18,136.0
2026-10-02 05:43:50,152.0
2026-10-02 06:18:05,152.0
2026-10-02 07:18:29,152.0
2026-10-02 08:18:17,152.0
2026-10-02 09:18:19,152.0
2026-10-02 10:18:19,152.0
2026-10-02 11:18:22,153.0
2026-10-02 12:18:39,153.0
2026-10-02 12:42:16,154.0
2026-10-02 13:18:19,153.0
2026-10-02 14:18:22,154.0
2026-10-02 15:18:31,155.0
2026-10-02 16:18:29,156.0
2026-10-02 17:18:32,156.0
2026-10-02 18:18:22,157.0
2026-10-02 18:28:18,157.0
2026-10-02 19:18:32,156.0
2026-10-02 20:18:22,155.0
2026-10-02 21:18:28,155.0
2026-10-02 22:18:30,154.0
2026-10-02 23:00:38,154.0
2026-10-02 23:18:22,154.0
2026-10-03 00:18:28,154.0
2026-10-03 01:18:19,154.0
2026-10-03 02:02:06,154.0
2026-10-03 02:18:21,154.0
2026-10-03 03:18:19,154.0
2026-10-03 04:18:15,153.0
2026-10-03 05:18:28,155.0
2026-10-03 06:18:07,159.0
2026-10-03 07:18:10,154.0
2026-10-03 08:11:51,152.0
2026-10-03 08:18:17,152.0
2026-10-03 09:18:23,152.0
2026-10-03 10:18:18,154.0
2026-10-03 11:18:22,156.0
2026-10-03 12:18:21,157.0
2026-10-03 13:18:24,158.0
2026-10-03 13:26:51,158.0
2026-10-03 14:28:27,159.0
2026-10-03 15:18:20,153.0
2026-10-03 16:18:28,154.0
2026-10-03 17:18:26,155.0
2026-10-03 17:59:23,155.0
2026-10-03 18:18:24,155.0
2026-10-03 19:18:23,155.0
2026-10-03 20:18:23,155.0
2026-10-03 21:18:17,155.0
2026-10-03 21:21:54,155.0
2026-10-03 22:18:17,155.0
2026-10-03 23:18:20,155.0
2026-10-04 00:18:57,154.0
2026-10-04 00:41:50,153.0
2026-10-04 01:18:18,153.0
2026-10-04 02:18:28,153.0
2026-10-04 03:18:19,152.0
2026-10-04 04:18:18,144.0
2026-10-04 05:18:17,142.0
2026-10-04 06:18:19,151.0
2026-10-04 06:59:28,125.0
2026-10-04 07:18:09,125.0
2026-10-04 08:18:22,116.0
2026-10-04 09:18:31,113.0
2026-10-04 10:18:22,113.0
2026-10-04 11:18:19,116.0
2026-10-04 12:18:24,118.0
2026-10-04 13:14:51,124.0
2026-10-04 13:18:42,124.0
2026-10-04 14:18:19,127.0
2026-10-04 15:18:24,131.0
2026-10-04 16:18:22,132.0
2026-10-04 17:18:22,135.0
2026-10-04 17:38:32,137.0
2026-10-04 18:18:33,137.0
2026-10-04 19:18:16,136.0
2026-10-04 20:18:29,136.0
2026-10-04 21:18:21,137.0
2026-10-04 21:32:21,136.0
2026-10-04 22:18:14,136.0
2026-10-04 23:18:26,135.0
2026-10-05 00:18:22,134.0
2026-10-05 00:59:18,131.0
2026-10-05 01:18:28,131.0
2026-10-05 02:18:27,129.0
2026-10-05 03:18:18,128.0
2026-10-05 04:18:15,118.0
2026-10-05 05:18:28,119.0
2026-10-05 06:18:17,131.0
2026-10-05 07:07:38,121.0
2026-10-05 07:18:19,121.0
2026-10-05 08:18:27,118.0
2026-10-05 09:18:18,118.0
2026-10-05 10:18:24,120.0
2026-10-05 11:18:26,120.0
2026-10-05 12:18:22,119.0
2026-10-05 13:18:20,119.0
2026-10-05 14:18:32,123.0
2026-10-05 15:18:37,126.0
2026-10-05 16:05:53,115.0
2026-10-05 16:18:36,115.0
2026-10-05 17:18:30,119.0
2026-10-05 18:18:22,122.0
2026-10-05 19:18:26,121.0
2026-10-05 20:18:51,119.0
2026-10-05 21:18:37,117.0
2026-10-05 22:18:33,114.0
2026-10-05 22:41:45,111.0
2026-10-05 23:18:37,111.0
2026-10-06 00:18:22,108.0
2026-10-06 01:18:25,104.0
2026-10-06 02:18:22,100.0
2026-10-06 03:02:36,97.0
2026-10-06 03:18:15,97.0
2026-10-06 04:18:15,92.0
2026-10-06 05:18:32,93.0
2026-10-06 06:18:24,98.0
2026-10-06 07:18:24,91.0
2026-10-06 08:18:24,85.0
2026-10-06 09:18:29,82.0
2026-10-06 10:18:18,82.0
2026-10-06 10:24:36,82.0
2026-10-06 11:18:40,83.0
2026-10-06 12:18:34,84.0
2026-10-06 13:18:23,82.0
2026-10-06 14:18:25,85.0
2026-10-06 15:21:18,88.0
